88582345-5,Hipolito,Batz,Lockman,979068726,merle.lebsack@gmail.com
81646266-3,Antonetta,Bruen,Borer,967039591,arnulfo.walter@hotmail.com
89697424-3,Carita,Sporer,Fisher,958684390,vickey.olson@gmail.com
71373139-1,Maryanna,Ryan,Denesik,980388912,marc.kuvalis@yahoo.com
89244650-3,Irwin,West,Dietrich,964949933,blythe.lueilwitz@gmail.com
82577199-5,Winfred,Bayer,Murphy,991969745,nestor.wolff@yahoo.com
72347371-8,Kathryne,Bergnaum,Powlowski,970127187,mac.orn@yahoo.com
87531513-4,Florencia,Romaguera,Willms,986294679,noble.mayer@hotmail.com
79103358-3,Tameika,Witting,Labadie,952448999,gordon.goyette@gmail.com
77665862-4,Oren,Schoen,Cummings,984880372,julianne.runte@gmail.com
72500639-3,Rhonda,Prosacco,Gleichner,983791542,rosaline.ziemann@gmail.com
81939216-3,Steve,Cremin,Baumbach,984858467,solange.rosenbaum@gmail.com
85147633-7,Opal,O'Reilly,Blick,941214070,cheyenne.lueilwitz@yahoo.com
74671097-4,Dannie,Wolff,Kuhic,963494561,shawna.durgan@yahoo.com
86245245-4,Juliette,VonRueden,Bogisich,954665316,damian.bernier@yahoo.com
88823176-2,Parker,Hagenes,Wolf,947550636,vernice.reynolds@gmail.com
71440897-6,Jospeh,Ernser,Vandervort,960449372,bradford.ohara@gmail.com
75473258-8,Moses,Bahringer,Spencer,961117258,oscar.orn@gmail.com
84925322-0,Julietta,Ziemann,Kreiger,980514364,brendan.keeling@yahoo.com
89249889-8,Mohamed,Trantow,Hansen,945015513,tien.wehner@hotmail.com
72798125-3,Austin,Schmitt,Williamson,945605709,noe.leannon@hotmail.com
82395070-1,Audrey,Paucek,Anderson,978181380,grover.bosco@hotmail.com
78163816-8,Dong,Torphy,Hoppe,978549323,shannon.hansen@yahoo.com
80418413-0,Cierra,Mayert,Veum,996665084,cameron.bednar@yahoo.com
70266602-7,Jerrold,King,Nienow,947040655,tia.tillman@yahoo.com
85727694-3,Royal,Mayer,Bashirian,949776533,barrett.runolfsdottir@gmail.com
77207326-7,Jonathan,Russel,King,973646163,mohammed.nolan@yahoo.com
77916570-8,Izetta,Ryan,Schuster,991542230,austin.rutherford@gmail.com
76095033-7,Gloria,Quigley,Kessler,945241082,dusti.wilderman@hotmail.com
70043207-2,Chase,Ferry,Metz,961748310,aron.kohler@gmail.com
87884297-8,Doyle,Kertzmann,O'Kon,951806583,jamila.stanton@yahoo.com
74658243-6,Nelson,Rice,Treutel,998521199,nickole.bashirian@hotmail.com
74016201-6,Colby,Schuster,Parker,994743930,joetta.mueller@hotmail.com
85119196-5,Doug,Hahn,Schiller,942410192,norris.connelly@yahoo.com
73747269-2,Anibal,Borer,McClure,978438451,tenisha.purdy@gmail.com
73276210-4,Rubin,Macejkovic,Jacobson,943969585,krystin.klein@yahoo.com
81958858-4,Jeniffer,Lockman,DuBuque,943571232,keenan.schmeler@gmail.com
72934637-3,Angelika,Boyle,Daniel,946483321,myron.barton@hotmail.com
81426989-5,Jane,Fadel,Morar,969178302,kareem.white@yahoo.com
80784261-8,Eliseo,Reichel,Daugherty,946458480,ofelia.jacobson@hotmail.com
71934621-8,Del,Cole,Nienow,996273289,tyrell.wolff@hotmail.com
81665030-1,Rodger,Kirlin,Hettinger,975071271,wendi.volkman@gmail.com
75514632-8,Charlie,Reinger,Koch,944166400,hunter.wisozk@yahoo.com
82280108-6,Eliz,Bernhard,Quitzon,979031588,eugene.moore@yahoo.com
82146676-8,Percy,Gibson,Lindgren,955754642,paris.friesen@hotmail.com
79575962-3,Hans,Hodkiewicz,Rau,986992403,ned.mills@yahoo.com
75370764-8,Rex,Balistreri,Ratke,979167269,loreen.okuneva@gmail.com
78947684-3,Sergio,Collins,Langosh,952544758,lois.west@yahoo.com
86156462-6,Johanna,Greenholt,Crist,949067858,lucas.wintheiser@yahoo.com
88384781-6,Bryant,Braun,Gerlach,967638291,laureen.zulauf@yahoo.com
81571591-5,Jeannie,Dickinson,Gislason,996763525,gracie.howell@gmail.com
89441435-0,Hubert,Sporer,Johns,999930306,nigel.kutch@yahoo.com
81742400-3,Sabina,Fisher,Shanahan,943588707,fae.kub@yahoo.com
74274370-7,Edwardo,Legros,O'Conner,973127089,marni.wiegand@gmail.com
77385419-8,Erinn,Marquardt,Orn,976670682,sari.weber@hotmail.com
84816058-4,Cletus,Treutel,Emard,960854040,lupe.west@hotmail.com
82480461-6,Leeanna,Becker,Nienow,944063980,floy.rolfson@hotmail.com
77631119-2,Carmine,Schultz,Windler,941167966,princess.boyle@yahoo.com
81108885-5,Davida,Sawayn,Kirlin,983914544,delbert.marvin@gmail.com
86359626-1,Gail,Huels,Lang,999729151,edison.doyle@yahoo.com
88020831-0,Lorean,Anderson,Jakubowski,958765870,hal.cummerata@gmail.com
82846697-7,Willy,Greenholt,Zieme,995788226,carla.reichel@gmail.com
89391715-1,Cleo,Corkery,Haag,973803858,rory.nicolas@yahoo.com
77306497-4,Arnold,Braun,Ullrich,943600339,walker.bayer@hotmail.com
71482024-1,Alethea,Rau,Mohr,992155038,dorthy.ryan@gmail.com
70244971-5,Neta,Stroman,Parker,952572252,david.abbott@gmail.com
82153088-6,Iluminada,Bernhard,Stoltenberg,968334830,sharell.funk@hotmail.com
85604190-5,Tamatha,Raynor,Leuschke,945944758,quincy.rutherford@hotmail.com
71520439-8,Francisco,Blanda,Graham,956702597,shira.kuvalis@hotmail.com
81028456-8,Krishna,Russel,Hagenes,970922755,pearl.conroy@hotmail.com
86380014-2,Rasheeda,Herzog,Dare,969642359,christopher.trantow@hotmail.com
71183547-1,Darrell,Watsica,Cole,981729213,octavio.treutel@gmail.com
74989964-1,Rickey,Buckridge,Farrell,963717032,gaylord.gusikowski@yahoo.com
76454387-6,Chrissy,Nicolas,Nitzsche,969765792,freeman.quigley@hotmail.com
73968113-1,Bebe,Ullrich,Hegmann,967298624,jocelyn.price@yahoo.com
88302534-6,Roosevelt,Leuschke,Aufderhar,982953180,lakendra.boehm@yahoo.com
87299398-6,Maryellen,Bruen,Lubowitz,988768792,shawanda.kilback@gmail.com
73789658-8,Albertha,Stark,Bashirian,942200163,mistie.zemlak@yahoo.com
88592381-8,Granville,Treutel,Rosenbaum,955805974,love.ortiz@yahoo.com
83835806-8,Mitsuko,Friesen,Hilll,982789541,donte.rosenbaum@yahoo.com
88459703-5,Al,Schulist,Baumbach,967032225,mignon.kunde@hotmail.com
77429437-4,Rupert,Mayer,Toy,979999810,ian.yost@gmail.com
71398079-6,Fredric,Tremblay,Haag,956619913,wayne.kessler@gmail.com
85976435-4,Brandon,Lowe,Kutch,964694573,fred.damore@yahoo.com
86608717-6,Elvin,Mitchell,Lueilwitz,971161111,brady.dare@hotmail.com
80384202-8,Delcie,Osinski,Stracke,943761672,brian.zemlak@gmail.com
77475410-2,Araceli,Dickens,Swift,966706417,shasta.smith@gmail.com
83695108-4,Nada,Haag,Breitenberg,999112710,virgil.langosh@hotmail.com
85825437-3,Martina,Feeney,Kautzer,993351353,renetta.shields@yahoo.com
85010674-6,Elouise,Towne,VonRueden,968398051,arlen.effertz@yahoo.com
80387697-7,Elizebeth,Hauck,Graham,964154090,evangeline.kub@gmail.com
77588517-7,Jeana,Treutel,Mohr,956143954,horacio.feeney@hotmail.com
81239822-8,Jewell,Balistreri,Kirlin,992591546,adah.pollich@yahoo.com
74421639-0,Glenn,Jakubowski,Considine,969061526,dewayne.krajcik@hotmail.com
74045334-5,Claudio,Parker,Berge,980715911,asa.jakubowski@gmail.com
85913185-3,Hung,Mertz,Satterfield,960780334,jody.connelly@hotmail.com
78949967-2,Cameron,Miller,Kuphal,951916313,reita.gorczany@gmail.com
71171907-2,Karla,Marks,Douglas,949998117,alvaro.barton@gmail.com
71056136-6,Toby,Sanford,Feeney,956831968,coleman.bailey@gmail.com
70325029-1,Russ,Fadel,Hintz,962117585,jose.heathcote@gmail.com
80327638-2,Mi,Huels,Corkery,982252716,winford.predovic@gmail.com
78234045-7,Sherril,Leannon,Marquardt,965262827,kennith.stark@hotmail.com
73524240-3,Chun,Mayert,Gutkowski,974461975,bradly.ryan@yahoo.com
74067541-8,Asa,Hills,Williamson,994998576,aletha.connelly@hotmail.com
79572321-0,Lynnette,Ortiz,Watsica,988727779,elroy.will@gmail.com
73962977-0,Eloy,Abernathy,Quitzon,967140147,leonardo.kling@yahoo.com
73094489-8,Geoffrey,Terry,Breitenberg,951776828,elijah.sauer@yahoo.com
73401926-5,Nicholas,Jakubowski,Kunze,954532639,daryl.metz@hotmail.com
81708929-2,Alec,Kub,Kozey,949802842,johnnie.spinka@gmail.com
81863194-1,Howard,Graham,Ward,986944217,dorla.auer@yahoo.com
75431521-7,Josef,Legros,Cole,995536654,henrietta.sipes@yahoo.com
78775156-5,Beatris,Parker,Yost,955978802,monroe.monahan@hotmail.com
82665701-4,Madelaine,Hane,Smitham,966732040,maryland.schmitt@yahoo.com
77931118-2,Norris,Spinka,Gerhold,972495272,randall.wiegand@gmail.com
73097534-5,Seymour,Leffler,Ankunding,944539533,hilton.durgan@hotmail.com
71141471-8,Randee,Cremin,Weber,949830974,katie.sanford@yahoo.com
83501592-4,Peter,Gottlieb,Corkery,975920908,freddie.brown@yahoo.com
84619188-1,Isiah,Legros,Homenick,980989239,vito.schneider@gmail.com
70129179-4,Luella,Wolff,Welch,962697972,carli.rutherford@yahoo.com
87166127-1,Christoper,Terry,Kutch,996199054,daryl.streich@hotmail.com
78602538-5,Shannon,Cremin,Klein,967911875,cruz.tremblay@gmail.com
85406475-8,Ludivina,Barrows,Upton,991230725,quentin.kohler@yahoo.com
88941593-3,Lesia,Conroy,Homenick,964917390,galen.lockman@gmail.com
81005440-3,Alec,Marvin,Ullrich,996242202,rosamond.hilll@hotmail.com
77042393-8,Venita,Breitenberg,Harvey,994922519,roy.kautzer@gmail.com
70439900-2,Jewell,Quitzon,Schultz,953888143,lashanda.lesch@gmail.com
70684083-7,Randal,Schmidt,Braun,993580647,felisha.gusikowski@gmail.com
87725552-3,Kory,Schinner,Kautzer,986987910,marvella.waelchi@gmail.com
81845932-3,Gail,Kertzmann,Blanda,940763090,digna.connelly@hotmail.com
80935974-3,Stevie,Johns,Conroy,960526261,milford.russel@hotmail.com
78878444-2,Temeka,Sauer,Mayer,982078229,tonisha.lockman@hotmail.com
86191100-0,Marica,McGlynn,Aufderhar,999305165,berneice.casper@yahoo.com
85745034-6,Michel,Russel,Cruickshank,967511027,darcey.hahn@gmail.com
71806725-5,Harriet,Torp,Anderson,941345577,antoine.blanda@yahoo.com
83221538-5,Myong,Graham,Feil,940645092,theressa.crona@yahoo.com
72817263-6,Lakia,Herzog,Spencer,955155121,ed.halvorson@gmail.com
85985982-1,Gavin,Bruen,Bartell,994921000,dusty.gulgowski@hotmail.com
73651537-0,Roxie,O'Kon,Green,972767566,vernia.ortiz@hotmail.com
75130722-2,Dante,Strosin,Lindgren,979290190,darrick.hoeger@hotmail.com
78417124-2,Pattie,Okuneva,DuBuque,997271067,estell.boyle@hotmail.com
77973393-1,Natasha,Boehm,Fritsch,977776676,abram.hamill@yahoo.com
84209566-7,Malik,White,Fay,985046382,kelley.hand@hotmail.com
85744403-8,Kimiko,Stracke,Hackett,946834077,mamie.mayer@hotmail.com
78323362-8,Lang,Monahan,Gutkowski,992029311,estela.moen@hotmail.com
78006303-2,Jesse,Stark,Lockman,990332071,temple.mayer@gmail.com
70652285-8,Craig,Dibbert,Connelly,960609050,elfreda.wunsch@hotmail.com
77680318-2,Dick,Buckridge,Schowalter,989899299,minda.vandervort@yahoo.com
70030005-2,Minerva,Bechtelar,Toy,944066875,eugene.walsh@hotmail.com
76305235-6,Emmitt,DuBuque,Langworth,962101965,verdell.padberg@gmail.com
87372181-5,Karl,D'Amore,Mitchell,954644895,raymonde.pacocha@yahoo.com
77629293-5,Elyse,Hayes,O'Reilly,982467350,kizzie.reilly@yahoo.com
85116046-8,Jeraldine,Jast,Nikolaus,990230097,bernardo.schmeler@hotmail.com
84640074-5,Hayden,Morissette,Homenick,948807288,deb.walker@yahoo.com
79807463-8,Edelmira,Lakin,Wunsch,972391436,ofelia.bruen@yahoo.com
80911035-8,Cristie,Osinski,Wolff,966835874,isa.mertz@yahoo.com
81995778-1,Leslie,Beer,Predovic,979205602,miriam.powlowski@gmail.com
89359299-6,Cristina,Bednar,Effertz,968372968,christopher.rohan@hotmail.com
75898508-3,Jackie,Ward,Kuhlman,957093318,glennie.dickens@yahoo.com
74457176-6,Pandora,Farrell,Hayes,946609352,theda.jast@gmail.com
75141895-3,Lois,Lowe,Ullrich,993245618,melba.schumm@hotmail.com
80582038-7,Jennifer,Heidenreich,Stracke,989423925,ben.jenkins@gmail.com
81606853-8,Dorsey,Sawayn,Marvin,978666313,hal.raynor@yahoo.com
84110212-8,Fidel,Bins,Schneider,969813268,tanner.breitenberg@gmail.com
78394363-2,Chasidy,Romaguera,Kshlerin,993781693,dick.prohaska@gmail.com
88722005-4,Moises,Kunde,Kreiger,958132371,hilary.conn@hotmail.com
89587176-1,Imogene,Moen,Dietrich,988651114,dave.bailey@hotmail.com
74309629-3,Foster,Kuvalis,Bosco,967603168,treva.gleichner@gmail.com
82398122-6,Jeramy,Johns,Sporer,951399750,henry.stehr@gmail.com
71192288-7,Clemencia,Lang,Mraz,993788987,taylor.hoeger@hotmail.com
77465229-4,Callie,Klocko,Blick,970632875,pricilla.wehner@gmail.com
79554953-5,Ilda,Kuhic,Prohaska,983012701,phyliss.nitzsche@yahoo.com
79525084-8,Pearly,Christiansen,Goldner,999482164,frances.kirlin@yahoo.com
75340355-0,Ignacio,Stroman,Hills,944876573,louvenia.reichel@yahoo.com
86333515-8,Irwin,Bergstrom,Jast,965563936,claude.greenholt@hotmail.com
73862930-5,Jonas,Ankunding,Hermiston,973011092,sol.murray@gmail.com
72451734-7,Shaun,Simonis,Bosco,951378120,catrice.parisian@yahoo.com
89994575-8,Shalanda,Collier,Mraz,956723424,melvin.johns@yahoo.com
72163203-5,Pasquale,Bruen,Hermann,944746179,kasi.spinka@hotmail.com
82460445-1,Lavonna,Halvorson,Gleason,960558863,curt.glover@hotmail.com
72369965-8,Robbie,Goyette,Wiza,990746173,wiley.lakin@gmail.com
85342228-1,Vern,Keebler,Murray,982621481,raymond.veum@gmail.com
87794873-1,Ashley,Jakubowski,Kunze,977254417,rae.stokes@hotmail.com
72279444-3,Hans,Monahan,Kessler,992855064,jerald.hirthe@hotmail.com
86981767-8,Francis,Smith,Little,984746187,carin.lubowitz@gmail.com
87511992-3,Ardell,Jenkins,Keebler,997720043,mireya.windler@yahoo.com
72213507-6,Brendon,Erdman,Denesik,961554755,spring.mckenzie@hotmail.com
82677594-1,Tonia,Gerlach,Ullrich,991500789,roland.ondricka@yahoo.com
78230287-4,Ettie,Champlin,Mueller,974743783,wesley.brown@gmail.com
74668353-8,Sherilyn,Schuster,Schiller,979907912,jody.skiles@hotmail.com
80927689-0,Jae,Gaylord,Nitzsche,990255527,vince.hegmann@gmail.com
80643327-5,Emile,Lehner,Feest,958046774,brain.schinner@yahoo.com
79224235-2,Tawny,Kerluke,Beier,949521918,antwan.turcotte@hotmail.com
82171031-7,Clement,Olson,Thompson,970957648,malik.oreilly@yahoo.com
86385276-6,Brandy,Feest,Pagac,969384495,arlie.sipes@gmail.com
88562466-5,Dorinda,Rogahn,Lang,995579872,robby.larson@yahoo.com
77953850-8,Lyle,Mohr,Williamson,959560917,dick.rohan@gmail.com
81741265-3,Setsuko,Will,Bogisich,968946794,woodrow.weissnat@gmail.com
75769194-0,Dion,Bosco,Cronin,962817236,javier.pfeffer@gmail.com
77843002-6,Tamisha,Ward,Yost,974821397,harmony.hansen@yahoo.com
76642969-2,Anthony,Moen,Reilly,983193504,elliot.hahn@yahoo.com
86544863-4,Olin,McGlynn,Lehner,970525997,zenia.hamill@hotmail.com
73927075-0,Santiago,Dooley,Torp,972021205,tim.roberts@hotmail.com
88564533-4,Kennith,Walter,Nienow,946612616,benito.kertzmann@hotmail.com
70150958-5,Luke,Rolfson,Schamberger,958916003,jasper.bechtelar@yahoo.com
80477989-3,Chester,Heathcote,West,990749965,norene.corkery@hotmail.com
88827799-0,Shan,Will,Pfeffer,943677632,buford.aufderhar@yahoo.com
71512764-5,Milan,Green,Nader,964218814,demetria.yost@hotmail.com
80488045-7,Angila,King,O'Kon,945283839,ahmed.hane@hotmail.com
89925979-3,Harley,Barton,DuBuque,951731287,deshawn.brown@gmail.com
72352781-1,Arnulfo,Bosco,Renner,963575550,glennie.jast@hotmail.com
70792203-4,Chris,Quigley,Grimes,979561988,valentine.mertz@gmail.com
87239702-6,Shameka,West,Von,961193364,devorah.bartell@gmail.com
86774239-5,Kevin,Hamill,Bayer,948475375,shawnda.predovic@yahoo.com
88205036-8,Lucienne,Lind,Langosh,981438105,nevada.koch@yahoo.com
80552806-0,Shawnda,Simonis,Bins,957298647,scotty.murazik@yahoo.com
84591650-1,Dorsey,Schaden,Breitenberg,971318980,wallace.kuphal@hotmail.com
71060786-7,Yong,Shields,Barrows,978812187,miguelina.turner@gmail.com
70832834-8,Irving,Goldner,Schiller,952830738,kit.lind@yahoo.com
88827479-5,Dallas,Dickens,Goodwin,979331197,bryanna.hermiston@hotmail.com
72923282-4,Leena,Pfannerstill,Schultz,991032927,damian.boehm@yahoo.com
83405260-6,Christoper,Hilll,Beier,980592652,micaela.wolf@yahoo.com
76625337-4,Milagros,O'Keefe,Brown,947196370,adelaida.muller@gmail.com
77759581-8,Chaya,Hackett,Nicolas,946639786,meta.luettgen@yahoo.com
86800930-4,Azzie,Hand,Ebert,955722770,sol.bauch@hotmail.com
79884631-7,Jarrett,Schaden,Kuvalis,947979493,sharlene.little@yahoo.com
72261741-3,Howard,Murray,Breitenberg,972867149,olin.barrows@gmail.com
89863447-8,Dean,Heidenreich,Blanda,943444289,roscoe.schultz@gmail.com
79207410-6,Derick,Cronin,Graham,958608743,garfield.fritsch@gmail.com
82009483-2,Mauro,Orn,Braun,954652684,gayle.adams@gmail.com
74435631-1,Edmund,Wisoky,Hilpert,970336775,james.grant@gmail.com
84648802-2,Eleonore,Greenholt,Kreiger,968937226,gina.jerde@hotmail.com
83301364-1,Wilber,Smith,Tremblay,953227367,joey.bradtke@yahoo.com
79878671-2,Irina,Klocko,Rosenbaum,975384883,celesta.ratke@hotmail.com
76452314-4,Chadwick,Crooks,Leuschke,947763855,tod.heathcote@gmail.com
85911049-0,Macie,Bednar,Gerhold,960111111,shanelle.reynolds@hotmail.com
81758177-8,Lashaunda,Schulist,Prohaska,990905275,merlin.lemke@yahoo.com
70514525-2,Monty,King,Bradtke,941627737,phylis.mckenzie@gmail.com
78953029-3,Charley,Hudson,Ruecker,983686606,jerrod.huel@yahoo.com
79089620-8,Kris,Marquardt,Bogisich,989491347,carylon.ward@hotmail.com
82916576-3,Milo,Harber,Bernier,965209191,whitney.harris@yahoo.com
76363016-5,Elvera,Huels,Reilly,989935616,efrain.weissnat@gmail.com
86240250-5,Weldon,Carroll,Wisoky,949098199,naomi.homenick@gmail.com
74873173-4,Christin,Kris,Zemlak,996654940,jefferson.turcotte@yahoo.com
75445164-7,Felica,Murray,Lang,946952504,arnulfo.abernathy@gmail.com
86358459-2,Prince,Torp,Schneider,946302232,margaretta.jenkins@yahoo.com
72730458-3,Solomon,Cassin,Goldner,971498469,kyle.lebsack@hotmail.com
86866773-2,Doretta,Emard,Mertz,982425038,may.daniel@hotmail.com
81136345-8,Elvin,Wilkinson,Bechtelar,973228091,lesli.jerde@yahoo.com
73341884-7,Saul,Quigley,Paucek,979615506,evita.rodriguez@gmail.com
88429276-4,Katherine,White,Moore,950651632,darius.heathcote@gmail.com
74578014-5,Dante,Greenholt,Beier,985207105,shaun.mclaughlin@gmail.com
89826623-4,Darwin,D'Amore,Schumm,950907383,arden.goldner@gmail.com
73101472-0,Damion,Legros,Hegmann,985372752,xochitl.dickinson@gmail.com
89544028-3,Melodee,Reilly,Walter,947910091,lawrence.kautzer@gmail.com
89565490-6,Dane,MacGyver,Hettinger,997309006,lorita.trantow@gmail.com
81163182-8,Rosario,Kunde,Altenwerth,974599891,cyrus.renner@gmail.com
80946579-7,Mike,Wisozk,Sawayn,947929755,marybeth.blick@hotmail.com
87433074-3,Roosevelt,Jast,Adams,960114388,cornelius.koepp@yahoo.com
77721922-7,Clint,Nicolas,Pagac,996672294,will.grady@hotmail.com
78896035-8,Chanell,Dare,Reichel,941040455,nichol.leffler@yahoo.com
87813247-8,Christie,Hermiston,Douglas,950110831,anderson.conroy@yahoo.com
88706604-7,Stephani,Hoppe,Bergnaum,965944819,danial.windler@hotmail.com
83102689-7,Lester,Nicolas,Gerlach,943085575,ahmad.johnson@hotmail.com
89243722-7,Rogelio,Kessler,Pacocha,970665545,porfirio.erdman@yahoo.com
87780953-3,Heath,Russel,Huels,986822480,sirena.mosciski@gmail.com
77070281-1,Lauretta,Lang,Nienow,943932726,anibal.cruickshank@gmail.com
85892531-4,Vincenzo,Rempel,Klocko,990674737,mickey.halvorson@hotmail.com
83085173-0,Raphael,Goyette,Mraz,979260047,vito.lubowitz@hotmail.com
89534022-3,Elton,Hagenes,Lehner,977272732,cleveland.ward@hotmail.com
71031898-5,Melanie,Bergstrom,Shanahan,989704797,mandi.borer@gmail.com
88085478-8,Jeffry,White,Tromp,943196449,eric.fay@hotmail.com
74087749-2,Gale,Heller,Cronin,948567022,shanika.lesch@hotmail.com
79461950-7,Elton,Towne,Cummings,993178954,weston.runolfsdottir@gmail.com
73846863-4,Lonny,Cummerata,Halvorson,976033370,carin.weimann@gmail.com
79112468-5,Shantelle,Wisozk,Welch,951140423,lelia.schoen@hotmail.com
79970618-8,Georgina,Stoltenberg,Hyatt,973818189,stacy.langworth@yahoo.com
85313114-7,Kiara,D'Amore,Rempel,981643627,nolan.hermann@hotmail.com
71345211-8,Inga,Runte,Nader,961409158,santos.barton@hotmail.com
86755599-8,Danial,Ebert,Graham,943593346,dorthy.hills@gmail.com
74913748-2,Mark,Blanda,Lesch,993595134,yun.crona@gmail.com
84253358-2,Reyes,Barrows,Hintz,952769098,royal.bernier@gmail.com
83610429-2,Ward,Hessel,Bruen,967986325,alfred.gutmann@yahoo.com
74863847-7,Miles,Gutkowski,Carroll,983777015,billy.glover@yahoo.com
89831817-6,Tracy,Corwin,White,988807357,terrence.schuppe@hotmail.com
77166241-1,Carmel,Windler,Fahey,974908843,nakesha.okuneva@yahoo.com
88133716-8,Lou,Zulauf,Tillman,963838185,hank.hackett@yahoo.com
89887388-3,Donya,Okuneva,Hauck,944387654,sherron.pollich@gmail.com
87381133-8,Michael,Marvin,Ortiz,986304945,leonarda.von@gmail.com
86823046-2,Usha,Doyle,West,999213035,trey.goldner@hotmail.com
83616750-8,Shelba,Schiller,Larson,963203206,ronni.douglas@hotmail.com
78744750-8,Peter,Wolf,Weissnat,955905521,malcolm.marvin@hotmail.com
89060388-3,Matt,Hand,Hartmann,968154968,traci.boehm@hotmail.com
80957950-4,Darnell,Lind,Braun,964214819,irvin.luettgen@hotmail.com
82208910-0,Emmitt,Stiedemann,Pfannerstill,941065175,winnifred.stark@gmail.com
76356908-8,Ferdinand,Treutel,Conn,971421231,julienne.moen@gmail.com
89033492-8,Theodore,Keeling,Stokes,943575134,elvie.mraz@hotmail.com
70790858-2,Edgardo,Wiegand,Murphy,972515447,waneta.olson@yahoo.com
86085580-2,Walton,Ryan,Dooley,946636377,juana.kessler@gmail.com
74194915-5,Jamison,Kunde,Sanford,979840825,russel.boyer@gmail.com
77271836-6,Johnnie,O'Kon,Kunde,973050298,sadie.grant@yahoo.com
82559697-8,Anna,Yost,Kub,957928323,vinita.stehr@gmail.com
74082552-7,Mauricio,Cummerata,Spencer,953310589,gregoria.schowalter@yahoo.com
85153285-8,Carol,Dicki,Runte,948408461,cheree.pagac@gmail.com
73766463-2,Neomi,Lehner,Botsford,946091170,tonie.armstrong@yahoo.com
77773907-7,Lorenzo,Schinner,Moen,979100830,ghislaine.collier@yahoo.com
86421620-5,Wilford,Halvorson,Tromp,958226585,kala.kemmer@gmail.com
73743188-6,Melvin,Tremblay,Stokes,941423435,everette.schmitt@yahoo.com
78162471-3,Lindsy,Hamill,VonRueden,971668291,oleta.mohr@yahoo.com
73055972-4,Melodi,Jenkins,Deckow,950145267,tressa.kreiger@hotmail.com
81431343-7,Renato,Mills,Marks,975198872,mike.davis@hotmail.com
82555700-3,Epifania,Feest,Roberts,993381707,isidro.white@hotmail.com
85851276-2,Britt,Runolfsdottir,Tremblay,997141230,robbi.langworth@gmail.com
84758692-6,Zona,Larson,King,949264653,angila.reilly@gmail.com
85262328-5,Keri,Stracke,Runolfsdottir,957379790,rena.langworth@gmail.com
72372228-2,Margherita,Considine,Bruen,946717322,nicholas.torp@hotmail.com
75699460-1,Caroll,Lowe,Smith,961448330,gino.lemke@yahoo.com
88833087-8,Micah,Hintz,Lind,992204551,fidela.smitham@gmail.com
77517315-5,Jennell,Olson,Larson,962235156,helaine.schultz@gmail.com
70074415-7,Hal,Kiehn,Towne,967649904,roma.beahan@yahoo.com
88736488-3,Wilmer,Reilly,Gottlieb,948532559,camellia.zemlak@gmail.com
82014885-8,Alaina,Roob,Will,942835377,jarod.kerluke@yahoo.com
85711369-6,Elene,Casper,Bartoletti,976375047,mora.sporer@gmail.com
78403300-7,Elvina,Deckow,Strosin,997659883,monserrate.crona@gmail.com
82104223-2,Karole,Pouros,Boyle,999605593,earle.carroll@gmail.com
72595006-5,Patience,Hagenes,Lowe,940030399,jenise.wuckert@gmail.com
89527820-0,Bryan,Harris,Zemlak,971765901,palmer.bosco@hotmail.com
85358343-5,Travis,Hoppe,Jaskolski,982171698,porter.kling@gmail.com
71858350-6,Laurie,Robel,Schumm,985894482,salina.adams@hotmail.com
75904982-3,Porsha,Kutch,Hirthe,959494475,hugh.parisian@gmail.com
77033358-2,Sol,Larson,Ortiz,959776903,bernarda.stamm@gmail.com
86125844-2,Columbus,Koelpin,Carter,973961973,jake.wilkinson@yahoo.com
74790573-3,Jasper,Moen,Reilly,950720982,sarita.bahringer@hotmail.com
81360550-8,Gayle,Kozey,Maggio,987923464,thomas.terry@yahoo.com
89933730-5,Spencer,Schmidt,Toy,948040570,malorie.hills@yahoo.com
84192104-3,Fausto,Rempel,Schneider,967672291,maribel.dubuque@hotmail.com
85275914-5,Brooks,Kunde,Harris,993351577,murray.schmeler@yahoo.com
85960263-3,Edward,Powlowski,Ebert,945538176,antwan.hermiston@hotmail.com
72126736-2,Renaldo,Fay,Bahringer,977943318,shad.legros@hotmail.com
84970341-0,Josiah,Hagenes,Breitenberg,962878107,theodore.rowe@gmail.com
73043720-1,Tasia,Swaniawski,Streich,969160795,wesley.blick@hotmail.com
73675802-8,Bobbi,Gutkowski,Walter,965163441,domenic.torp@yahoo.com
89334542-2,Marshall,Hoppe,Schaefer,966924650,conrad.metz@gmail.com
79564019-7,Freida,Bernier,Spinka,981888530,corene.cassin@gmail.com
79736450-2,Everett,Metz,Bartell,961266775,jere.weissnat@hotmail.com
86889368-2,Justina,Green,Mertz,992435262,barrett.mcdermott@gmail.com
72760397-0,Florine,Johns,Botsford,973995901,preston.jones@yahoo.com
77106008-6,Denisse,Quitzon,Jacobson,942712841,evon.lemke@hotmail.com
85077358-3,Donya,Walsh,Sauer,984584582,faye.veum@gmail.com
72304249-5,Mina,Gorczany,Grant,987348318,rocky.emard@hotmail.com
77891173-6,Kendra,Crooks,Bauch,958571488,nick.osinski@hotmail.com
70818577-2,Tia,Schowalter,Willms,986721040,juanita.hansen@gmail.com
76598684-6,Vivan,O'Conner,Anderson,954024696,hung.macejkovic@hotmail.com
83870919-8,Alfredo,Blick,Pouros,949375352,lazaro.harris@hotmail.com
79506209-3,Tabitha,Bartoletti,Harber,983275345,danae.friesen@yahoo.com
88138800-4,Richard,Pouros,Terry,983609092,dillon.huel@hotmail.com
82202874-7,Lasonya,Oberbrunner,Brekke,965591065,abraham.beatty@gmail.com
80198587-4,Clyde,Johnston,Lowe,963225778,jesus.rau@gmail.com
79698773-2,Grant,Gottlieb,Kassulke,961761379,jarod.wiegand@gmail.com
71729994-3,Lessie,Dicki,Rath,964055063,irena.braun@yahoo.com
72013671-7,Harold,Bauch,Vandervort,966168531,arnulfo.roberts@hotmail.com
