78256453-6,Shanta,Hilll,Senger,Master of Computer Science,sue.casper@hotmail.com,987659326
84216995-5,Elden,Kautzer,Abshire,Bachelor of Business,maxima.tremblay@hotmail.com,978042546
88994619-7,Grant,Cartwright,Ferry,Master of Forensic Science,jaymie.anderson@gmail.com,947869804
74730810-1,Claudette,Baumbach,Roob,Associate Degree in Biological Science,lasonya.swaniawski@yahoo.com,954534919
73116091-8,Alex,Parisian,Hintz,Master of Medicine,darell.lueilwitz@hotmail.com,952017013
80120370-1,Darrel,Nicolas,Cole,Bachelor of Biomedical Science,milagros.emmerich@hotmail.com,948755395
83915828-7,Tamisha,Volkman,Fadel,Associate Degree in Design,joaquin.stiedemann@gmail.com,985662322
77660428-7,Jacques,Wolff,Bednar,Associate Degree in Biological Science,donella.lockman@gmail.com,984890419
70449921-0,Marylee,Donnelly,Bernier,Master of Medicine,evelin.abshire@gmail.com,990485383
79443437-6,Inge,Fay,McCullough,Bachelor of Business,sharda.fahey@yahoo.com,991602692
70907565-6,Bruce,Kulas,Goodwin,Associate Degree in Design,george.champlin@gmail.com,975853419
83168394-6,Marcelle,Emmerich,Williamson,Master of Creative Arts,nickolas.pouros@gmail.com,961721076
75932945-4,Kory,O'Kon,Brakus,Master of Education,thanh.waters@hotmail.com,974036963
88230223-5,Elease,White,Jerde,Bachelor of Biological Science,elli.mayer@gmail.com,988854022
83224882-6,Kandace,Hahn,Hammes,Master of Teaching,edmond.corwin@yahoo.com,950970290
77824670-5,Loyce,Krajcik,Jakubowski,Associate Degree in Biological Science,jenine.keebler@hotmail.com,943740407
70111876-6,Teodoro,Pfeffer,Ankunding,Bachelor of Creative Arts,lottie.weissnat@gmail.com,993288595
71982101-7,Denita,Kuvalis,Heller,Associate Degree in Forensic Science,shila.morissette@yahoo.com,969915007
76271881-5,Raphael,Walter,Stoltenberg,Associate Degree in Design,hyacinth.senger@gmail.com,984581430
73328589-3,Elton,Beatty,McLaughlin,Bachelor of Information Systems,joya.barrows@gmail.com,941208950
82130775-1,Lacy,Cassin,Bauch,Bachelor of Teaching,harlan.mitchell@hotmail.com,975709937
72477335-8,Dede,Goodwin,Schuppe,Associate Degree in Computer Science,ryan.hand@gmail.com,966145453
86462232-3,Noelia,Hagenes,Swift,Bachelor of Psychology,renate.swaniawski@hotmail.com,941278587
84857718-3,Leif,Zulauf,Boyle,Bachelor of Biomedical Science,celina.keeling@yahoo.com,973953363
